seed,n,m,solution,y,phi,aHat,absErr,aTrue,y_rev,phi_rev,aHat_rev,absErr_rev,cpu_ms
4,2,5,01,26,0.8125000000,0.3086582838,0.0586582838,0.2500000000,11,0.3437500000,0.2222148835,0.0277851165,437.686
4,2,6,01,26,0.4062500000,0.0842651938,0.1657348062,0.2500000000,22,0.3437500000,0.2222148835,0.0277851165,507.779
4,2,7,01,42,0.3281250000,0.2643016316,0.0143016316,0.2500000000,42,0.3281250000,0.2643016316,0.0143016316,371.322
4,2,8,01,213,0.8320312500,0.2535509039,0.0035509039,0.2500000000,171,0.6679687500,0.2535509039,0.0035509039,178.173
4,2,9,01,213,0.4160156250,0.0680135719,0.1819864281,0.2500000000,342,0.6679687500,0.2535509039,0.0035509039,688.257
4,2,10,01,853,0.8330078125,0.2508861665,0.0008861665,0.2500000000,683,0.6669921875,0.2508861665,0.0008861665,2684.046
4,3,5,010,6,0.1875000000,0.3086582838,0.1836582838,0.1250000000,12,0.3750000000,0.1464466094,0.0214466094,16.414
4,3,6,010,5,0.0781250000,0.0590393678,0.0659606322,0.1250000000,40,0.6250000000,0.1464466094,0.0214466094,69.261
4,3,7,010,121,0.9453125000,0.0292279674,0.0957720326,0.1250000000,79,0.6171875000,0.1295244373,0.0045244373,239.806
4,3,8,010,121,0.4726562500,0.0073611788,0.1176388212,0.1250000000,158,0.6171875000,0.1295244373,0.0045244373,906.065
4,3,9,010,441,0.8613281250,0.1780842286,0.0530842286,0.1250000000,315,0.6152343750,0.1254318027,0.0004318027,3557.683
4,3,10,010,326,0.3183593750,0.2917852200,0.1667852200,0.1250000000,394,0.3847656250,0.1254318027,0.0004318027,13702.146
4,4,5,0100,9,0.2812500000,0.4024548390,0.3399548390,0.0625000000,18,0.5625000000,0.0380602337,0.0244397663,70.680
4,4,6,0100,41,0.6406250000,0.1828033579,0.1203033579,0.0625000000,37,0.5781250000,0.0590393678,0.0034606322,277.975
4,4,7,0100,41,0.3203125000,0.2862224533,0.2237224533,0.0625000000,74,0.5781250000,0.0590393678,0.0034606322,1107.572
4,4,8,0100,214,0.8359375000,0.2429486279,0.1804486279,0.0625000000,107,0.4179687500,0.0649565044,0.0024565044,4359.997
4,4,9,0100,470,0.9179687500,0.0649565044,0.0024565044,0.0625000000,215,0.4199218750,0.0619649529,0.0005350471,17297.049
4,4,10,0100,297,0.2900390625,0.3755361971,0.3130361971,0.0625000000,594,0.5800781250,0.0619649529,0.0005350471,69929.394
2,2,5,01,18,0.5625000000,0.0380602337,0.2119397663,0.2500000000,9,0.2812500000,0.4024548390,0.1524548390,3.355
2,2,6,01,41,0.6406250000,0.1828033579,0.0671966421,0.2500000000,37,0.5781250000,0.0590393678,0.1909606322,11.566
2,2,7,01,85,0.6640625000,0.2429486279,0.0070513721,0.2500000000,85,0.6640625000,0.2429486279,0.0070513721,42.993
2,2,8,01,234,0.9140625000,0.0711356950,0.1788643050,0.2500000000,87,0.3398437500,0.2325011901,0.0174988099,169.563
2,2,9,01,426,0.8320312500,0.2535509039,0.0035509039,0.2500000000,171,0.3339843750,0.2482308081,0.0017691919,644.199
2,2,10,01,762,0.7441406250,0.4815963885,0.2315963885,0.2500000000,381,0.3720703125,0.1530142696,0.0969857304,2508.193
2,3,5,011,5,0.1562500000,0.2222148835,0.0972148835,0.1250000000,20,0.6250000000,0.1464466094,0.0214466094,13.268
2,3,6,011,38,0.5937500000,0.0842651938,0.0407348062,0.1250000000,25,0.3906250000,0.1134947733,0.0115052267,50.272
2,3,7,011,102,0.7968750000,0.3548576614,0.2298576614,0.1250000000,51,0.3984375000,0.0983962343,0.0266037657,193.336
2,3,8,011,246,0.9609375000,0.0149843734,0.1100156266,0.1250000000,111,0.4335937500,0.0428951221,0.0821048779,764.564
2,3,9,011,441,0.8613281250,0.1780842286,0.0530842286,0.1250000000,315,0.6152343750,0.1254318027,0.0004318027,3011.952
2,3,10,011,326,0.3183593750,0.2917852200,0.1667852200,0.1250000000,394,0.3847656250,0.1254318027,0.0004318027,11947.245
2,4,5,0110,22,0.6875000000,0.3086582838,0.2461582838,0.0625000000,13,0.4062500000,0.0842651938,0.0217651938,63.732
2,4,6,0110,54,0.8437500000,0.2222148835,0.1597148835,0.0625000000,27,0.4218750000,0.0590393678,0.0034606322,246.898
2,4,7,0110,41,0.3203125000,0.2862224533,0.2237224533,0.0625000000,74,0.5781250000,0.0590393678,0.0034606322,978.090
2,4,8,0110,54,0.2109375000,0.3785099100,0.3160099100,0.0625000000,108,0.4218750000,0.0590393678,0.0034606322,3906.493
2,4,9,0110,470,0.9179687500,0.0649565044,0.0024565044,0.0625000000,215,0.4199218750,0.0619649529,0.0005350471,15508.677
2,4,10,0110,553,0.5400390625,0.0157389529,0.0467610471,0.0625000000,593,0.5791015625,0.0604938868,0.0020061132,62118.927
42,2,5,10,10,0.3125000000,0.3086582838,0.0586582838,0.2500000000,10,0.3125000000,0.3086582838,0.0586582838,3.449
42,2,6,10,42,0.6562500000,0.2222148835,0.0277851165,0.2500000000,21,0.3281250000,0.2643016316,0.0143016316,12.311
42,2,7,10,106,0.8281250000,0.2643016316,0.0143016316,0.2500000000,43,0.3359375000,0.2429486279,0.0070513721,42.564
42,2,8,10,213,0.8320312500,0.2535509039,0.0035509039,0.2500000000,171,0.6679687500,0.2535509039,0.0035509039,162.003
42,2,9,10,170,0.3320312500,0.2535509039,0.0035509039,0.2500000000,170,0.3320312500,0.2535509039,0.0035509039,633.372
42,2,10,10,682,0.6660156250,0.2482308081,0.0017691919,0.2500000000,341,0.3330078125,0.2508861665,0.0008861665,2480.510
42,3,5,101,6,0.1875000000,0.3086582838,0.1836582838,0.1250000000,12,0.3750000000,0.1464466094,0.0214466094,14.739
42,3,6,101,57,0.8906250000,0.1134947733,0.0115052267,0.1250000000,39,0.6093750000,0.1134947733,0.0115052267,55.100
42,3,7,101,70,0.5468750000,0.0215298321,0.1034701679,0.1250000000,49,0.3828125000,0.1295244373,0.0045244373,215.749
42,3,8,101,70,0.2734375000,0.4266347628,0.3016347628,0.1250000000,98,0.3828125000,0.1295244373,0.0045244373,851.709
42,3,9,101,326,0.6367187500,0.1734135785,0.0484135785,0.1250000000,197,0.3847656250,0.1254318027,0.0004318027,3336.849
42,3,10,101,326,0.3183593750,0.2917852200,0.1667852200,0.1250000000,394,0.3847656250,0.1254318027,0.0004318027,13379.383
42,4,5,1011,22,0.6875000000,0.3086582838,0.2461582838,0.0625000000,13,0.4062500000,0.0842651938,0.0217651938,61.027
42,4,6,1011,54,0.8437500000,0.2222148835,0.1597148835,0.0625000000,27,0.4218750000,0.0590393678,0.0034606322,240.279
42,4,7,1011,54,0.4218750000,0.0590393678,0.0034606322,0.0625000000,54,0.4218750000,0.0590393678,0.0034606322,949.437
42,4,8,1011,214,0.8359375000,0.2429486279,0.1804486279,0.0625000000,107,0.4179687500,0.0649565044,0.0024565044,3769.522
42,4,9,1011,470,0.9179687500,0.0649565044,0.0024565044,0.0625000000,215,0.4199218750,0.0619649529,0.0005350471,15000.197
42,4,10,1011,297,0.2900390625,0.3755361971,0.3130361971,0.0625000000,594,0.5800781250,0.0619649529,0.0005350471,60268.977
